{"Recall@20": [0.00846566676938973, 0.021069530072088078, 0.023524277872409266, 0.026853278297011403, 0.028680606680090488, 0.03020887610798226, 0.029876168737198245, 0.03098900663011775, 0.030501711094264812, 0.032001475581111126, 0.03290924083804085, 0.03380126392685518, 0.033806314063507474, 0.03399005662007995, 0.03454902165134641, 0.03438542813040132, 0.034530181406743715, 0.03410997995485996, 0.03443280422263853, 0.03601046897325272, 0.03474440568979788, 0.03539803966379222, 0.03595758779937227, 0.036799028752444306, 0.03731491659196778, 0.037917433952273025, 0.03849680062902145, 0.03897836649535065, 0.03837399350343828, 0.0377624254575929, 0.039040050277883036, 0.039187142976973295, 0.03948995667064346, 0.04061132849093402, 0.03985997900870625, 0.03994978861145831, 0.04015260630271032, 0.040205917284222625, 0.04011340603349893, 0.040520948146504, 0.04111600630456175, 0.041116708502265176, 0.04106742485535123, 0.041553646078168464, 0.041718184104475205, 0.042104773198449484, 0.04249126668804161, 0.042226272769271524, 0.04268684605613594, 0.04243778592633341, 0.04280775840176585, 0.04148751421933866, 0.04236722824395031, 0.04239917823945625, 0.04295333008458654, 0.04341350240996889, 0.04334076272239821, 0.04296742431337328, 0.043213565212817204, 0.043340054755464825, 0.04279220744241478, 0.043727271459240935, 0.04370272627038575, 0.04364594715749315, 0.04386546553320925, 0.04338492906233965, 0.043601840158202704, 0.04443098152509271, 0.044519282886298674, 0.04465165457097606, 0.04489714766831329, 0.04431420036020039], "NDCG@20": [0.003248122414000364, 0.008975486409217297, 0.009555661911401402, 0.011157955092617305, 0.01216498046607967, 0.012552669937646426, 0.01229809318774074, 0.0126776717401187, 0.012849267492081056, 0.013587503102527036, 0.013707257172220969, 0.014076696405970176, 0.014147556869904088, 0.01428841344349789, 0.014652358515931989, 0.014478489996432177, 0.01476641722241604, 0.014587572226967863, 0.014937120186042435, 0.015181713901638045, 0.014792504031933499, 0.015119400345842589, 0.015606294714169534, 0.015945147551122103, 0.016152146903873843, 0.016131493678756933, 0.01629941082546749, 0.016269883803521838, 0.016394535640383998, 0.016278866391544067, 0.016560110582753675, 0.016625206555740176, 0.016795335274941852, 0.017050631736284766, 0.016813632387752808, 0.01711293550499369, 0.017334703365283484, 0.01754693489449707, 0.017357542407400627, 0.01743397007522179, 0.017814883277137296, 0.017727644278419268, 0.017755926279935646, 0.018018426861144354, 0.018150083161306983, 0.018499260859444627, 0.01867372051897118, 0.018538384892403004, 0.018616580623162286, 0.018411744319556844, 0.018668480615862067, 0.018207962960857957, 0.01839296444582478, 0.01846137515048789, 0.01854537452054073, 0.01867504435120255, 0.018639511457848937, 0.01846864273188322, 0.018549102061225203, 0.018448064300711834, 0.018423422065167006, 0.01855233880527542, 0.018644496896708128, 0.01878825765945387, 0.01884483093446334, 0.018646753489797312, 0.018683006712719934, 0.01895646883084834, 0.019114636597062105, 0.01905255762227761, 0.01900271147544278, 0.01874394832502705], "Recall@40": [0.016305555879548184, 0.03616604408873226, 0.039314054497583545, 0.04650448109607299, 0.04904062840417535, 0.049780656596786765, 0.05110286314157529, 0.0513452457997896, 0.0523223374205943, 0.05399026136180939, 0.05453161169775132, 0.05570386235703914, 0.05712823866767632, 0.05796939239551404, 0.057392227504170196, 0.05780509461642625, 0.057185400610185406, 0.05831268465491908, 0.059872076193817854, 0.058938763962459575, 0.058901625368782365, 0.060255931084880025, 0.06101472823089537, 0.0613751163670166, 0.06260257896908779, 0.06278718649806607, 0.06316640540076936, 0.06412605004600615, 0.06393916078657959, 0.06388598661823484, 0.06503882711541772, 0.06550011413844549, 0.06452728927528238, 0.06530785537427969, 0.06524625648184525, 0.0664125854386693, 0.06659060656747512, 0.066892522733799, 0.06673850242579306, 0.06692506119076062, 0.06819181018840471, 0.0692886026165482, 0.06858894749518102, 0.06901178095218906, 0.07002176048045566, 0.0684359285606606, 0.07063174940564404, 0.07089144140208296, 0.07079179196555015, 0.07108774439644915, 0.07073513565483806, 0.07163361822076579, 0.0708075460842133, 0.07135377430408449, 0.07255799885997379, 0.07166604706235821, 0.07129090865358648, 0.07181350281084796, 0.07202155937498946, 0.07191093768725272, 0.07220535055792872, 0.07224120632211603, 0.07249109145180252, 0.07263528099196048, 0.07294406254193406, 0.07305071747198699, 0.07290355842675222, 0.07289729551554525, 0.07296311171507879, 0.0727581730076416, 0.0725771650660691, 0.07221535605102684], "NDCG@40": [0.004977850776467144, 0.012313271104561867, 0.01304832714814739, 0.015420330282909586, 0.01659443585265078, 0.01680881549282595, 0.016940408331459048, 0.017108572936926005, 0.01760345645248085, 0.018380612524485272, 0.018440573161655642, 0.018828861499896404, 0.019234726415335187, 0.019513011609708256, 0.0196512417413638, 0.019550500272017546, 0.019718104025915038, 0.019895981336059767, 0.020472637504947693, 0.020223604366899607, 0.020064476848073585, 0.020567001708707452, 0.021058024991288792, 0.021342513344129992, 0.02165943218691503, 0.021546342505019956, 0.021713481629861926, 0.021783201125549732, 0.021990018129426022, 0.021971728022108585, 0.022181463432167783, 0.02234354479673216, 0.02221745415512733, 0.022433299591799617, 0.022368268831716033, 0.022888166492104053, 0.02310417923644512, 0.023363742043341778, 0.023175235545131703, 0.023195593509301133, 0.023723626196017415, 0.02390222053902832, 0.023792610526973464, 0.02399725582785852, 0.024307294657875036, 0.02428227556798761, 0.02480852164781234, 0.024762843975665902, 0.024758806957002978, 0.02466872104934473, 0.024750974403159643, 0.02475600640794635, 0.024598755125120157, 0.024768146928216696, 0.024970340306369715, 0.024826448499686366, 0.02472315146751276, 0.024726444255511137, 0.024793229685677584, 0.024674947490776616, 0.02482084966805631, 0.024750573853765435, 0.024920751714443714, 0.02509575471180593, 0.025151320019924216, 0.025101084450067243, 0.025042808015956673, 0.025137277302119235, 0.0252832112101637, 0.02517797674694393, 0.025013636110719318, 0.02480980509543401], "Recall@80": [0.03090556646328296, 0.06208597945384025, 0.06933766332393307, 0.0783873071059612, 0.08079641143742784, 0.08333767399206343, 0.08611640711769218, 0.08669138505879419, 0.08765827997773644, 0.08874586389069167, 0.08872433312448941, 0.09090534188364421, 0.09275648915073559, 0.09248066721151055, 0.09292107456714556, 0.09324828715848268, 0.09362605551193945, 0.0945721358733699, 0.09476563667032803, 0.09570102994534964, 0.09584161124425689, 0.09625523041684671, 0.0973823813572035, 0.09743085113060555, 0.0978911582087162, 0.09912210418941832, 0.09911671737698921, 0.09924078878810882, 0.0991003286430307, 0.1001075183365249, 0.1013186486606736, 0.10049223119449935, 0.10106753963006036, 0.10324810333433272, 0.10323409811652247, 0.10441208009368544, 0.10490362343113868, 0.10537292473875344, 0.10480712646668991, 0.10540996154673068, 0.10654954435347068, 0.10688370557020405, 0.10602172821892175, 0.1084937072668192, 0.10853538088733104, 0.10846722979801603, 0.10835227624275674, 0.10933324725862016, 0.10886375886311964, 0.11015215730826798, 0.10961299721927072, 0.1103134905273332, 0.11161635655286413, 0.11074657425762471, 0.11090399016954863, 0.11164852742745988, 0.1119206900265403, 0.11195875375745003, 0.11301460278475917, 0.11291531680971367, 0.11382697464851346, 0.11437941962575196, 0.11526845796223888, 0.11427384189334971, 0.1140019809425785, 0.11464506134662873, 0.1156813263107585, 0.11561458456190458, 0.11594619330646952, 0.11575989168432292, 0.11582870541090737, 0.11577974278043178],